CREATE TABLE DIADIEM (
tenDD VARCHAR (30) NOT NULL,
socho INT NOT NULL,
tpho VARCHAR (30) NOT NULL,
vung VARCHAR (30),
gia INT DEFAULT 0,
CONSTRAINT pk_hd PRIMARY KEY (tenDD));

CREATE TABLE HOATDONG (
	tenDD VARCHAR (30) NOT NULL,
	tenHoatDong VARCHAR (30) NOT NULL,
	gia INT);

CREATE TABLE KHACHHANG (
	idKH INT NOT NULL,
	hoKH VARCHAR (30) NOT NULL,
	tenKH VARCHAR (30),
	TPho VARCHAR (30) NOT NULL,
	vung VARCHAR (30) NOT NULL,
PRIMARY KEY (idKH));

CREATE TABLE KYNGHI (
idKH INT NOT NULL,
tenDD VARCHAR (30) NOT NULL,
ngayBD VARCHAR (10) NOT NULL,
ngayKT VARCHAR (10),
socho INT NOT NULL);


INSERT INTO DIADIEM VALUES ('Venusa',350,'Guadeloupe', 'Antilles', 1200);
INSERT INTO DIADIEM VALUES ('Farniente',200,'Seychelles','Ocean Indien',1500);
INSERT INTO DIADIEM VALUES ('Santalba',150,'Martinique','Antilles',2000);
INSERT INTO DIADIEM VALUES ('Passac',400,'Alpes','Europe',1000);


INSERT INTO HOATDONG VALUES ('Venusa','Voile',150);
INSERT INTO HOATDONG VALUES ('Venusa','Plongée',120);
INSERT INTO HOATDONG VALUES ('Farniente','Plongée',130);
INSERT INTO HOATDONG VALUES ('Passac','Ski',200);
INSERT INTO HOATDONG VALUES ('Passac','Piscine', 20);
INSERT INTO HOATDONG VALUES ('Santalba','Kayac',50);

INSERT INTO KHACHHANG VALUES (10,'Fogg','Phileas','Londres','Europe');
INSERT INTO KHACHHANG VALUES (20,'Pascal','Blaise','Paris','Europe');
INSERT INTO KHACHHANG VALUES (30,'Kerouac','Jack','New York','Ameerique');
INSERT INTO KHACHHANG VALUES (40,'Zendagui','Boubekeur','Bruxelles','Europe');

INSERT INTO KYNGHI VALUES (10,'Passac','2011-07-05','2011-07-14',2);
INSERT INTO KYNGHI VALUES (30,'Santalba','2011-08-14','2011-08-12',6);
INSERT INTO KYNGHI VALUES (20,'Santalba','2012-08-03','2012-08-14',4);
INSERT INTO KYNGHI VALUES (30,'Passac','2012-07-15','2012-07-22',3);
INSERT INTO KYNGHI VALUES (30,'Venusa','2012-08-03','2012-08-15',3);
INSERT INTO KYNGHI VALUES (20,'Venusa','2013-06-03','2013-06-14',6);
INSERT INTO KYNGHI VALUES (30,'Farniente','2013-06-24','2013-07-01',5);
INSERT INTO KYNGHI VALUES (40,'Santalba','2013-08-01','2013-08-14',5);